area_cm2,madejas_hilo,horas_trabajo,precio_cop,costo_por_cm2,productividad_cm2_hora,tec_Calado Fino,tec_Pata de Cabra,tec_Punto de Cruz,tec_Punto de Sombra,tec_Rococo,tela_Algodon,tela_Lino,tela_Seda,comp_Alta,comp_Baja,comp_Media,comp_Muy Alta
450,5,48.0,360000,800.0,9.38,True,False,False,False,False,False,True,False,True,False,False,False
380,4,30.0,240000,631.58,12.67,False,False,False,True,False,False,True,False,False,False,True,False
220,4,24.5,185000,840.91,8.98,False,False,False,False,True,True,False,False,True,False,False,False
180,2,12.0,110000,611.11,15.0,False,True,False,False,False,True,False,False,False,True,False,False
1200,14,115.0,850000,708.33,10.43,True,False,False,False,False,False,True,False,False,False,False,True
950,8,55.0,420000,442.11,17.27,False,False,True,False,False,True,False,False,False,False,True,False
520,7,62.0,490000,942.31,8.39,True,False,False,False,False,False,False,True,False,False,False,True
300,3,22.0,170000,566.67,13.64,False,False,False,False,True,False,True,False,False,False,True,False
260,2,16.5,135000,519.23,15.76,False,False,True,False,False,False,True,False,False,True,False,False
400,4,36.0,260000,650.0,11.11,True,False,False,False,False,False,True,False,True,False,False,False
350,4,28.0,220000,628.57,12.5,False,False,False,False,True,False,True,False,False,False,True,False
280,3,27.5,210000,750.0,10.18,False,False,False,True,False,False,False,True,True,False,False,False
80,1,9.5,85000,1062.5,8.42,True,False,False,False,False,False,True,False,True,False,False,False
600,6,45.0,350000,583.33,13.33,False,False,False,True,False,False,True,False,True,False,False,False
420,5,44.0,330000,785.71,9.55,True,False,False,False,False,False,True,False,True,False,False,False
200,3,20.0,150000,750.0,10.0,True,False,False,False,False,True,False,False,False,False,True,False
350,3,18.0,130000,371.43,19.44,False,False,True,False,False,True,False,False,False,True,False,False
800,9,68.0,520000,650.0,11.76,False,False,False,False,True,False,True,False,True,False,False,False
300,3,15.0,125000,416.67,20.0,False,True,False,False,False,True,False,False,False,True,False,False
450,6,50.0,410000,911.11,9.0,False,False,False,False,True,False,False,True,False,False,False,True
